,Time,precip,irrad,temp,height,lai,biomass,yield,HI,frPHU,transpiration,evapotrans,w_stress,n_stress,t_stress,n_uptake,nitrogen_level,swc,runoff,w_uptake,fertilizer,irrig,reward,dones
0,2022-09-01,2.51,13.9,20.834091068893134,0.05403148115813304,0.0014013120302832764,0.005,2.407514971986653e-08,8.001525341456142e-06,0.008814622986877152,0.0,0.8576984206997537,1.0,0.0728885052612065,0.011043854332497882,6.978120353056733e-05,0.03757861379646943,1.652301579300246,0.0,0.0,0.0,0.0,2.407514971986653e-08,False
1,2022-09-02,3.53,19.33,20.565422764887874,0.08050771694319434,0.0014013120302832764,0.0368248843635316,3.836338063743706e-07,1.726258376703745e-05,0.01744472103968476,0.0033505964488353677,1.104010561979744,4.540199100966369e-05,0.07263663357589589,0.013041973320864764,6.952507382432043e-05,0.05287886992617567,4.078291017320502,0.0,0.0033505964488353677,0.0,0.0,3.836338063743706e-07,False
2,2022-09-03,7.78,19.25,22.842250032609964,0.1084449210579709,0.0038413802692689437,0.123669120114029,2.2678481112401222e-06,3.0284364304530648e-05,0.02763857408405973,0.009268495854493481,1.1149418592752611,4.540199100966369e-05,0.07227966543016184,0.0022251522265706036,0.0005093687270738161,0.11618902627292618,10.743349158045241,0.0,0.009268495854493481,0.0,0.0,2.2678481112401222e-06,False
3,2022-09-04,4.27,17.72,22.192013071659726,0.13455983432020055,0.0067753322397347635,0.2645965262777116,7.258455744113669e-06,4.5157511124556716e-05,0.03738583580910076,0.015458907388964736,1.0553398505408207,4.540199100966369e-05,0.07186930738043751,0.00411762791961745,0.0017002202252141465,0.062348174774785846,13.95800930750442,0.0,0.015458907388964736,0.0,0.0,7.258455744113669e-06,False
4,2022-09-05,4.4,19.51,21.063183739080856,0.15901972024080357,0.01009600363945537,0.4956690055863497,1.849696892981747e-05,6.124882975602575e-05,0.04635780266286508,0.02484423543468515,1.139432353078136,4.540199100966369e-05,0.07142344003178513,0.009526992258689249,0.0036134391485333067,0.062384955851466695,17.218576954426286,0.0,0.02484423543468515,0.0,0.0,1.849696892981747e-05,False
5,2022-09-06,14.61,18.6,23.686979329015728,0.18957134345226756,0.015022072685401847,0.8231501274068098,4.2310613578796746e-05,8.40670944264956e-05,0.057131826927298957,0.03506512187281426,1.082560683071964,4.540199100966369e-05,0.07078957415505893,0.0007381502178721577,0.006704059265946943,0.21244433573405305,30.74601627135432,0.0,0.03506512187281426,0.0,0.0,4.2310613578796746e-05,False
6,2022-09-07,34.44,17.52,20.917008346581465,0.21603671266629404,0.019988941169136267,1.2332164317262224,8.025415700864092e-05,0.00010612691699778323,0.06600339859390711,0.044169781001974794,1.02645977613311,4.540199100966369e-05,0.07017648958339873,0.0104758415841949,0.01102823944210847,0.49187086798129936,62.85486244030768,1.3046940549135324,0.044169781001974794,0.0,0.0,8.025415700864092e-05,False
7,2022-09-08,43.11,5.36,20.17891210805195,0.24228625546842505,0.025557396207903354,1.3934438858585256,0.00011138565106506504,0.00013000314643481106,0.07436803603075598,0.02410745447475076,0.43896030928565105,4.540199100966369e-05,0.06951389601090385,0.01638068940917259,0.016350832909592952,0.5050574848044919,98.30728355902839,7.2186185719936455,0.02410745447475076,0.0,0.0,0.00011138565106506504,False
8,2022-09-09,20.590000000000003,12.06,22.220557104908707,0.2747406326094592,0.03332670602459443,1.8628155656165086,0.00018632390099195364,0.00016215685389992781,0.08413490217423723,0.05380342824215669,0.7531841445173629,4.540199100966369e-05,0.06862485106957128,0.004018360171570978,0.018213346536940803,0.2088818182240853,115.49194278219875,2.6521566323122774,0.05380342824215669,0.0,0.0,0.00018632390099195364,False
9,2022-09-10,22.17,14.32,22.061492685497456,0.3089487985406638,0.04257613715623493,2.573471046907406,0.0003170159821850765,0.0001990859714843061,0.09379252077691407,0.0757317970219657,0.8323304184209326,4.540199100966369e-05,0.06761034158721879,0.00459232049286995,0.023944720561491994,0.190054548500856,130.31142284183653,6.518189521941305,0.0757317970219657,0.0,0.0,0.0003170159821850765,False
10,2022-09-11,18.13,20.03,20.56689438150648,0.34146199501754454,0.05237751666100515,3.793808357971102,0.0005578707757273726,0.00023698840651022545,0.10242362955542125,0.12033930249961176,1.0785062205842262,4.540199100966369e-05,0.06657816431013197,0.013030343098714425,0.03250572269160426,0.11080625014863194,139.06089832511054,8.302018296141773,0.12033930249961176,0.0,0.0,0.0005578707757273726,False
11,2022-09-12,8.21,18.39,21.39914100859111,0.378297639568188,0.06467272248709555,5.173590153160349,0.0009116611831676412,0.00028315483777679963,0.11162633629209097,0.14630694762077165,1.066174490227686,4.5401991009441645e-05,0.06533523697630683,0.007583104636263771,0.04688823454902935,0.0009879478637520867,142.76828685721605,3.436436977666789,0.14630694762077165,0.0,0.0,0.0009116611831676412,False
12,2022-09-13,10.61,17.97,22.241020110036587,0.4200617322398071,0.08014557790327004,6.8387759047785,0.001449753631932496,0.00033957474467979313,0.12140725669733589,0.17564199421444462,1.0380064970675893,4.540199100477871e-05,0.06383980162098779,0.003948178067471719,0.06222177068321061,0.01165669444604693,146.27344392130524,6.066836438843211,0.17564199421444462,0.0,0.0,0.001449753631932496,False
13,2022-09-14,3.05,20.1,21.523200590199096,0.4623580200162928,0.09747937061046408,9.095413465581654,0.002284187759145857,0.0004010869753565485,0.1306951691906045,0.22310130132786296,1.0900934159475575,4.540199095859343e-05,0.06224104630798322,0.0069427085138090705,0.07977443639695059,0.08037217971637606,147.47695165561865,0.7563988497390496,0.22310130132786296,0.0,0.0,0.002284187759145857,False
14,2022-09-15,2.12,21.63,21.755109926691997,0.5081455999969853,0.11813466935806428,12.02459127651671,0.003569194480961384,0.0004726291927426237,0.14014236007432154,0.2956464392042244,1.1999163535170212,4.540199060754091e-05,0.060425141764996804,0.00584843114587863,0.10228306154158495,0.11003847043783181,148.23454313635247,0.16249216574917338,0.2956464392042244,0.0,0.0,0.003569194480961384,False
15,2022-09-16,11.61,18.33,20.72105343092672,0.5530711423134315,0.14031684360706873,14.957880107016873,0.005160911847459312,0.0005478609744534484,0.14887934732083716,0.2940813500062351,1.012046480783636,4.540198886338054e-05,0.05856749213633017,0.01185444479568376,0.12994489817807564,0.049263555235020864,152.96178874197975,5.870707913589099,0.2940813500062351,0.0,0.0,0.005160911847459312,False
16,2022-09-17,10.67,20.53,21.474692835407176,0.6034442092885771,0.1674490655169396,18.45389172475732,0.00743926953750113,0.0006382367024698642,0.15813394404845196,0.39496545014360246,1.1489071357435556,4.540198066926848e-05,0.05640712071782783,0.007188382154500461,0.15380848284965176,0.09475483754094814,156.01074473898782,6.472136867248378,0.39496545014360246,0.0,0.0,0.00743926953750113,False
17,2022-09-18,1.6399999999999997,19.31,20.921506206641237,0.6544958594198886,0.19739259521124117,21.95827788590585,0.010243244421881074,0.0007364783957254978,0.1670086049046616,0.4336435084033017,1.080322540475802,4.5401951355161785e-05,0.05414678511510662,0.010445657004379272,0.17934122513855555,0.18473247343758334,156.45488461329052,0.1155375852214833,0.4336435084033017,0.0,0.0,0.010243244421881074,False
18,2022-09-19,4.91,22.6,22.028692948090534,0.7129964410689,0.23473805639614648,25.47252508887562,0.013878378580776986,0.0008575673208329312,0.17664369621516335,0.5845561407483812,1.2392016356718587,4.540184457013652e-05,0.05148523536578409,0.004717098389888763,0.19829528140513908,0.17157220923758026,158.79400071731942,1.3316822602992269,0.5845561407483812,0.0,0.0,0.013878378580776986,False
19,2022-09-20,7.02,18.42,20.91550335397883,0.769676677311233,0.2740242471358383,28.996535259147084,0.01817721209561992,0.000983946793286648,0.18551423423300595,0.5765278411322153,1.060041536536138,4.540155859755757e-05,0.048850156471939465,0.010485955671331593,0.21199999786565416,0.16169833565325567,162.15254116126994,2.601418019513349,0.5765278411322153,0.0,0.0,0.01817721209561992,False
20,2022-09-21,10.169999999999998,18.44,19.81473305863641,0.8238556485665739,0.31444057176374207,32.53001541217889,0.023136693020731982,0.0011135316998601677,0.19362874869635513,0.627908339033655,1.0189951862753799,4.540092361393633e-05,0.04629415572690687,0.020097127853295205,0.22060562421866692,0.14912113031357066,165.7545982694642,5.548947705530337,0.627908339033655,0.0,0.0,0.023136693020731982,False
21,2022-09-22,25.47,16.79,20.504515580131198,0.8835452460130567,0.36221351230438914,36.074025846818465,0.029268660618365132,0.0012668566497179253,0.20221701489150015,0.666553111331421,0.95319240728837,4.539942440962008e-05,0.04345197445625448,0.01353022783273694,0.2204676665464418,0.08056472961523592,169.34690695852072,20.9244989036551,0.666553111331421,0.0,0.0,0.029268660618365132,False
22,2022-09-23,13.36,18.88,21.65966136534256,0.9513653910918132,0.4206343052430811,39.63004830721045,0.03705041927561103,0.0014555169207004163,0.21159865044462006,0.8433537373627745,1.0575772797479683,4.539582162577105e-05,0.04020986224237866,0.006283097450889175,0.20843501132730102,13.961030858723532,171.2073651007144,10.44196457805835,0.8433537373627745,14.104777617135014,0.0,-34.237559190362475,False
23,2022-09-24,3.17,21.52,23.09186939093579,1.029210291930124,0.49313629121667785,43.19981297519361,0.04712456082823365,0.0016928355614031884,0.22196394535597708,1.1081866645595433,1.2122175558387618,4.5387076023750694e-05,0.03650076437701577,0.0016834681884867475,0.18057739168271736,14.853298687901928,172.1161336704752,1.0490138744004673,1.1081866645595433,15.02808241078469,0.0,-36.471115697378565,False
24,2022-09-25,1.24,22.57,23.834943853429863,1.1137513663619423,0.5784949385870316,46.78430861557877,0.05985622805719158,0.0019787684377105385,0.23283959360695913,1.3081540634977624,1.2521144632371524,4.536738240235039e-05,0.03252479341830894,0.0005703971889315929,0.13553463117632258,22.584568639743342,172.09726311285903,0.006756094379035302,1.3081540634977624,22.7336478475773,0.0,-55.18290804155565,False
25,2022-09-26,5.28,20.87,21.803748176148524,1.189392306435636,0.6607450909977021,50.38169409193065,0.07393240668337195,0.0022629563559989083,0.2423201898817864,1.377268161370663,1.1833177110375381,4.533421379160352e-05,0.0290457553706146,0.00563510486951202,0.08338599160515647,39.242174173169595,175.04297713927204,1.1509682625494366,1.377268161370663,39.28518842171706,0.0,-95.3890754580891,False
26,2022-09-27,2.39,22.44,22.413771713811137,1.2697826457073302,0.7542491130799618,53.9923597078831,0.09127139563732331,0.002598917544307681,0.2522197583665468,1.6367124903613675,1.2669635706266,4.5272433421450486e-05,0.02546137221256506,0.003387524266179942,0.012560424994590313,55.643129912849645,176.0793073472008,0.08670622144464832,1.6367124903613675,55.64471025450506,0.0,-135.12537452280995,False
27,2022-09-28,1.35,21.82,20.898198264819417,1.3424517041789477,0.8441981805643228,57.61456387549113,0.11038542961603214,0.0029375700682262593,0.26107841102095575,1.7075361506082136,1.2129242570435734,4.518008729337275e-05,0.02234705327718456,0.010602767656961332,0.06607769475089231,55.19244115764966,176.21638309015722,0.0,1.7075361506082136,55.258165725229986,0.0,-134.16695728269283,False
28,2022-09-29,0.59,18.04,21.424174865073127,1.4182865245213727,0.9435597489538143,61.24824687487482,0.13350557709430838,0.003332639814735718,0.27029831134037413,1.6099167074044938,1.053455587196343,4.502776998149827e-05,0.019248853067829086,0.0074506646844453295,0.16453271434947592,52.783001608053475,175.7529275029609,0.0,1.6099167074044938,52.95738391987247,0.0,-128.55293734819583,False
29,2022-09-30,2.5700000000000003,12.52,20.97268711492601,1.4912395421160998,1.044455132001496,64.89235108186945,0.16003703155503152,0.0037603476639156996,0.2792081239193068,1.3555378183344569,0.825129653118972,4.480190048061772e-05,0.0164361114724364,0.01010665721100612,0.27707743856481404,59.74490452153917,177.4977978498419,0.0,1.3555378183344569,60.0,0.0,-145.639962968445,False
30,2022-10-01,3.91,19.77,21.68322943914045,1.567247173859576,1.1551128472298997,68.54658625873978,0.19232906907051806,0.004265964774154086,0.28860594633629894,2.044339155522894,4.45224745552656,4.4445201953902114e-05,0.013701706647682776,0.0061737661432031965,0.4135736736691049,52.97052100099656,176.8871107987828,0.06843959553253741,2.044339155522894,53.343971599048146,0.0,-129.43352191661648,False
31,2022-10-02,9.03,13.79,21.537997508946898,1.640905343548364,1.2677491753299213,72.20986231879102,0.2299253251980021,0.004827500022980363,0.2979040215484877,1.6366511906225645,3.3527931627093888,4.392735289271421e-05,0.011261522253375289,0.006868954538575611,0.5678772594270924,59.53101832531728,180.66383027152457,1.9004873645488438,1.6366511906225645,60.0,0.0,-145.57007467480202,False
32,2022-10-03,26.33,18.08,20.422008421402406,1.70665209091977,1.372778132249234,75.86220117382236,0.2710159138307822,0.0054023073247847515,0.3064356207390113,2.0814636349609366,4.054921261612654,4.3258912838295416e-05,0.009271363071076788,0.01421353440449924,0.7293153116864772,59.46793889360735,185.43304639255655,17.505862617355387,2.0814636349609366,60.0,0.0,-145.52898408616923,False
33,2022-10-04,22.95,18.29,22.306365061743715,1.7796488706728182,1.494025989298204,79.54022041536271,0.3240662279626616,0.006142826224094572,0.31626142091878034,2.2079379286236507,4.086363360672914,4.218710670444992e-05,0.007282255994504938,0.0037294807537813224,0.9293257705346338,59.20182594605171,185.63147389444188,18.66520913744174,2.2079379286236507,60.0,0.0,-145.47593377203734,False
34,2022-10-05,10.939999999999998,11.94,21.139835410880636,1.843679934392527,1.6049228871172279,83.21167085421418,0.3821333213298531,0.0069051268730235295,0.325286033151528,1.6547623376925547,2.9380482294171357,4.083576908331388e-05,0.005737205954249314,0.009055212185837602,1.1347994854945584,46.47906489214077,185.83657491326392,7.79685075176082,1.6547623376925547,47.54602440873341,0.0,-115.15470599189233,False
35,2022-10-06,29.310000000000002,17.97,21.59508402123586,1.9065082104533237,1.7174010157529653,86.89225662674625,0.4511975239003068,0.007785900571180264,0.33462331613314605,2.3080416863773006,3.946599815125806,3.8966576109356055e-05,0.0044083864730903866,0.006589535079064124,1.3630122876386759,58.785846897310954,184.83378765849815,26.366187439639965,2.3080416863773006,60.0,0.0,-145.3488024760997,False
36,2022-10-07,24.96,12.38,21.621701423847504,1.9656739730181156,1.826826626197989,90.5733149164269,0.531395597660791,0.008772515974852044,0.3439788802978765,1.8096178310926383,2.9942305322437437,3.649412195971813e-05,0.0033293197776192995,0.006462000086195574,1.6081698613716062,58.525823251979524,185.17669383379945,21.62286329245497,1.8096178310926383,60.0,0.0,-145.2686044023392,False
37,2022-10-08,15.36,15.29,20.028880032051067,2.01460406198609,1.919742541628494,94.21221758867796,0.615186911194377,0.009739455988161344,0.352240473726483,2.0658960176434307,3.332568975821481,3.370095339860768e-05,0.00256345549311654,0.017840034480145373,1.846020972814606,57.9523526394549,184.27909767482356,12.92502718315441,2.0658960176434307,59.71465090705988,0.0,-144.49141479296114,False
38,2022-10-09,30.23,15.65,20.825922980780565,2.0632525119973684,2.013686719745431,97.8760883466335,0.7157864526183304,0.010879325422640446,0.3610494867627334,2.2111720745634256,3.4838120416699074,2.9965376395324483e-05,0.0019142947042706249,0.011101009998506828,2.1066828399295483,56.73547941875905,183.81171717430215,27.213568458851498,2.2111720745634256,58.68518390379255,0.0,-141.88921043359758,False
39,2022-10-10,5.35,12.34,22.11241367598247,2.112545106760685,2.1112291224076865,101.56477517829471,0.8405686102165413,0.012276499151378508,0.3707420785731609,1.9530076119707807,3.0086720354759926,2.4779462342028324e-05,0.0013679455305202204,0.004403014396434646,2.398117952445036,57.63689714999101,183.04957595720535,3.103469181620794,1.9530076119707807,60.0,0.0,-144.95943138978348,False
40,2022-10-11,14.29,11.7,21.517051575990774,2.155639464692331,2.1982880287083515,105.2439382863371,0.9796560645403599,0.013769765150462843,0.38002576784238534,1.8970034733136458,2.868809630303219,1.856036446734599e-05,0.0009785846932127695,0.006973520096521413,2.691502692853268,57.3938377926841,183.22909245035248,11.241673876549653,1.8970034733136458,60.0,0.0,-144.82034393545965,False
41,2022-10-12,11.95,20.19,20.625217618959958,2.1923456729931,2.2732412249900866,108.90234548742035,1.1303926011033505,0.015315435384602873,0.3886969337894732,2.903706977063295,4.326446950088132,1.1456292356548659e-05,0.00070849217953739,0.012575654228541566,2.979494342357934,57.09074523206708,181.35293777511205,9.499707725152279,2.903706977063295,60.0,0.0,-144.66960739889666,False
42,2022-10-13,12.490000000000002,15.93,20.080947580181295,2.2243854142559236,2.3389550336882574,112.5431653357485,1.2955574344082152,0.016943874763660337,0.3969942878967405,2.4215457488753724,3.5640096742408462,3.3105576329184316e-06,0.0005161501319392858,0.017322578049083104,3.265156603766197,56.8199952055802,181.29441674695448,8.984511353916727,2.4215457488753724,60.0,0.0,-144.5044425655918,False
43,2022-10-14,7.720000000000001,19.63,23.59923996274543,2.2615274790886843,2.4153261680623306,116.2450178418699,1.5277878226117654,0.01928396433357688,0.4077080516074173,3.0069557785170162,4.3664532123067,0.0,0.00033993351838446095,0.0008495260131164972,3.606351031546028,47.771998678494036,179.7440387857241,4.903924748923675,3.0069557785170162,51.327542959045275,0.0,-123.19814156786825,False
44,2022-10-15,15.91,14.67,19.324046661114327,2.2856858818219212,2.4652002691485158,119.85319767533724,1.7328841218719482,0.021165934516092742,0.4154855561823585,2.3074607552293545,3.3228585398597,0.0,0.00024995427334251197,0.026132298659284903,3.8903119667198958,48.77780498855087,180.4333498652777,11.897830380586663,2.3074607552293545,52.56512215306483,0.0,-126.00036271007559,False
45,2022-10-16,3.47,20.04,20.634787170697745,2.3100527373888022,2.5145866235501835,123.51187701525687,1.9847372698784076,0.023464420887847014,0.42416329462377184,3.093219336781277,4.419178564193392,0.0,0.00017695711396226166,0.012502202450841327,4.191920677812029,55.83550709205889,178.02643622366298,1.457735077421306,3.093219336781277,60.0,0.0,-143.81526273012162,False
46,2022-10-17,2.9700000000000006,15.86,22.234704200272017,2.334483711740348,2.5639320149707654,127.20216908142658,2.299933616337565,0.026326801637897725,0.43393987717890375,2.5759080587720913,3.6521780778847717,0.0,0.000119861437128721,0.003969752720725861,4.5173012820650085,55.5095206397445,176.71649531112703,0.6277628346511865,2.5759080587720913,60.0,0.0,-143.50006638366244,False
47,2022-10-18,12.4,12.23,22.16463849292394,2.355898015107842,2.606610769525388,130.89155494507412,2.6583390020249134,0.029488142927268694,0.4436683376822856,2.141255113430854,3.0166959298953,0.0,8.153018238632459e-05,0.004214341795533594,4.840767751874258,46.672093756562155,178.4101440019115,7.689655379320239,2.141255113430854,51.41861943407994,0.0,-122.28890622278935,False
48,2022-10-19,11.080000000000002,11.34,20.990889280069688,2.373241274332025,2.6404012469517455,134.5595491958312,3.037082365293903,0.032686390183053804,0.4525906517482675,2.027865310212177,2.8430454660110422,0.0,5.751006672916059e-05,0.00998805647582146,5.1466073334883164,54.363245495442406,178.64251006165617,8.004588474244326,2.027865310212177,59.43737079857468,0.0,-141.39572867524257,False
49,2022-10-20,11.7,17.69,21.86554738748682,2.3895721536072614,2.6713963318620566,138.24464662824025,3.488376789559287,0.036442129257490394,0.4621136925363766,2.8378337645000236,3.961300035314568,0.0,3.9905173944254635e-05,0.005371813114971813,5.459046041558727,54.61005681265497,177.24899198275753,9.132218043584055,2.8378337645000236,60.0,0.0,-142.31162321044073,False
50,2022-10-21,38.26,11.7,18.378863230152472,2.4004649787418444,2.6915433932807193,141.7940811822138,3.886310430402446,0.03950160939102709,0.4692420326669758,1.9498115022439313,2.7141695448191365,0.0,3.054143488556704e-05,0.04198797463601922,5.728896546334704,51.89212028615298,178.27870138164405,34.516121056294345,1.9498115022439313,57.417798901740994,0.0,-135.63894090082817,False
51,2022-10-22,25.83,19.48,22.96954787337841,2.414378217865723,2.716284504942251,145.4919036367133,4.486956168207528,0.04431627555851764,0.47952331554704336,3.141605403883208,4.358533207012534,0.0,1.8533930538855437e-05,0.0019372592444005798,6.15483231892992,53.971693144437815,176.08211347259476,23.66805470203676,3.141605403883208,60.0,0.0,-141.31304383179247,False
52,2022-10-23,5.29,19.84,20.265708717304594,2.4243600578297393,2.733839422989757,149.13918072714193,5.060297312077512,0.04863896644069958,0.48794756603969763,3.1466044466295453,4.355269642120235,0.0,7.5529820088293675e-06,0.015579732677832192,6.995131270051416,49.78048146291899,174.40968394747577,2.607159882998737,3.1466044466295453,56.73398772550242,0.0,-132.80329286089338,False
53,2022-10-24,10.99,18.46,19.951036971576826,2.4329934045502415,2.7485331449100334,152.7751339415471,5.683049635974388,0.05319955693809089,0.4961556958278685,2.910655240896662,4.020907315781711,0.0,1.3034995232086288e-06,0.018636109472291218,8.659246782404693,44.92659503404316,174.4090670603498,6.969709571344282,2.910655240896662,53.50294795262265,0.0,-124.32911388889866,False
54,2022-10-25,31.0,17.56,20.22063391356957,2.440824431839538,2.7615201153568902,156.4208842617625,6.38518698233993,0.05823938122473073,0.5045489883509245,2.7558465461926316,3.8006180517479815,0.0,4.172999490403839e-08,0.015991816406096704,11.970075562159412,48.205807631973514,174.82959595822123,26.778853050380576,2.7558465461926316,60.0,0.0,-139.4148130176601,False
55,2022-10-26,15.48,14.39,21.4409699250325,2.4484022570518937,2.7738072705780783,160.09860534020677,7.228321884341411,0.06424588568291642,0.5137804237389964,2.3570194920278436,3.245447862559337,0.0,4.886668847348119e-11,0.007362731863889582,18.579934359520838,39.19180397551588,174.58025899337804,12.483889102283852,2.3570194920278436,57.68042392834537,0.0,-132.93510826153786,False
56,2022-10-27,1.17,18.96,20.076416255981346,2.4543904405861454,2.783316428349446,163.73926008480822,8.082730487061692,0.07007719665025774,0.5220746656730495,2.993425854181045,4.116728449376771,0.0,2.220446049250313e-16,0.017367140458448893,31.770800790851254,28.237002059271866,171.51014585219843,0.12338469180280263,2.993425854181045,60.0,0.0,-137.71726951293832,False
57,2022-10-28,3.04,21.97,20.420671071933228,2.45983265337744,2.791735003514612,167.3915571215642,9.04491077393087,0.07652292595635479,0.5306053463543223,3.2844140294934268,4.512088790974625,0.0,0.0,0.014224821388395648,58.12342561317549,1.709434317625906,169.47055909830215,0.5674979629216726,3.2844140294934268,59.8014442333836,0.0,-136.2725987131913,False
58,2022-10-29,3.47,20.94,20.88832166344601,2.464799626545574,2.7992773942217792,171.05702527917066,10.136426283559109,0.08370998968037603,0.5394572156286671,3.2578606285239466,4.471354684348387,0.0,0.0,0.010669862994209578,110.7980132381441,50.76066768803387,167.91894581901076,0.550258594942993,3.2578606285239466,60.0,0.0,-135.6635737164409,False
59,2022-10-30,2.71,22.22,20.20341284666165,2.468938413286059,2.805452885251734,174.70218414480976,11.280384488938633,0.09099797083921589,0.5478386804958798,3.383268475654986,4.6398787050614185,0.0,0.0,0.016151453268794302,216.1072279604016,156.07644324181382,165.803283491076,0.18578362287334563,3.383268475654986,60.0,0.0,-134.51961551106137,False
60,2022-10-31,6.02,20.65,20.4094819337949,2.4726502348662955,2.81088434168693,178.35413031199855,12.546600967397618,0.09890243803337509,0.5563616763295302,3.2575454176489895,4.464430384717134,0.0,0.0,0.01431952302597006,426.68368008317,426.61667921245737,165.9217283550041,1.4371247513547785,3.2575454176489895,0.0,0.0,12.546600967397618,False
61,2022-11-01,18.24,18.81,19.452674728549464,2.475681868329464,2.815256273312303,181.96863551291986,13.833656725844223,0.10664611539882637,0.5642275243573801,3.0160981251184023,4.131281781351471,0.0,0.0,0.02442504698480341,847.7853671114293,847.6391385249467,168.58087576434218,11.449570809310439,3.0160981251184023,0.0,0.0,13.833656725844223,False
62,2022-11-02,7.86,19.89,22.82773316032537,2.4791135815712564,2.8201169517555007,185.6652637962431,15.571352100239988,0.11731704977940123,0.5744114070224388,3.3074561922052976,4.52763862271352,0.0,0.0,0.002259572652301811,1689.952364650474,1689.8921848946807,167.57445698003514,4.338780161593554,3.3074561922052976,0.0,0.0,15.571352100239988,False
63,2022-11-03,19.64,16.46,22.426111537138173,2.4819866488601154,2.824170818708815,189.35785352355012,17.429022004868795,0.12839644272067724,0.5843194506605831,2.765804839105385,3.7842662235509583,0.0,0.0,0.003349601266660729,3374.2400701868937,3374.114706176682,168.4044897411789,15.02570101530529,2.765804839105385,0.0,0.0,17.429022004868795,False
64,2022-11-04,27.42,18.34,20.139481663594143,2.4840952377374403,2.8271055770980613,193.00077665912164,19.171444680461594,0.1382451905969203,0.5926570067482163,2.9387324212543753,4.019417853003386,0.0,0.0,0.016754889184474098,6742.755173733288,6742.604878226582,167.8641288132572,23.940943074918355,2.9387324212543753,0.0,0.0,19.171444680461594,False
65,2022-11-05,18.52,18.97,22.430351939194068,2.4862822210661966,2.830099771982211,196.6934144319625,21.337356886103343,0.15055965940339738,0.6025679627504101,3.080700265059579,4.212042151902512,0.0,0.0,0.0033366335112364753,13479.732247522868,13479.62588908996,166.93702830996156,15.235058351393109,3.080700265059579,0.0,0.0,21.337356886103343,False
66,2022-11-06,29.52,13.03,21.908923957265795,2.4881040936123653,2.8325854862836244,200.37917770241856,23.59944656752502,0.16302603545791394,0.6121207951386421,2.1720915911606973,2.9688549096499908,0.0,0.0,0.005192099741958445,26953.625765617977,26953.464140230466,167.71744475872742,25.77072864158416,2.1720915911606973,0.0,0.0,23.59944656752502,False
67,2022-11-07,21.05,15.55,20.636473039695023,2.4895477697309447,2.8345362579823425,204.037904861437,25.83193896060567,0.17482826802217566,0.620799691457114,2.599285101931785,3.5519022895059913,0.0,0.0,0.012489295811483947,53901.34485765443,53901.23382455501,166.59626056338757,18.61928190583388,2.599285101931785,0.0,0.0,25.83193896060567,False
68,2022-11-08,7.5600000000000005,12.03,19.663158514881992,2.4907235367265224,2.8361081584486927,207.6620359255579,28.046619931856178,0.18609263447309823,0.6288101025250273,2.1081584506321844,2.8802279345936124,0.0,0.0,0.02182697324672589,107796.71047255976,107796.65734805462,166.287437300864,4.988595327929943,2.1081584506321844,0.0,0.0,28.046619931856178,False
69,2022-11-09,8.75,14.17,22.684251865640434,2.49201670544336,2.8378191217984154,211.3573366626498,30.876474937114306,0.2007293195500577,0.6388954403448354,2.4227373214534813,3.3093231969225565,0.0,0.0,0.002617884725527153,215587.37608115593,215587.3215858802,165.55275968570996,6.1753544182315085,2.4227373214534813,0.0,0.0,30.876474937114306,False
70,2022-11-10,7.3,17.41,20.12033142221989,2.4929463874439746,2.839053325707625,214.99957766489072,33.42713662015062,0.2131422920936314,0.6472198437941623,2.809939368412961,3.8376415855576114,0.0,0.0,0.016939000744687127,431168.63025448367,431168.5795820825,164.35836531849029,4.656752781662065,2.809939368412961,0.0,0.0,33.42713662015062,False
71,2022-11-11,6.710000000000001,15.83,22.52447550490613,2.4939181951219154,2.8403283010622853,218.6932511141597,36.525664238506444,0.2283413560121002,0.657195445102477,2.6177100065634797,3.5745510970446595,0.0,0.0,0.0030570987128293314,862331.066441092,862331.0167949693,163.74451921700853,3.749295004437087,2.6177100065634797,0.0,0.0,36.525664238506444,False
72,2022-11-12,13.05,17.25,20.98634025721086,2.4946724703706056,2.8413200317971854,222.36113590232029,39.48193519798219,0.24216061511452303,0.6661146348395723,2.8027417629716735,3.8267546051154455,0.0,0.0,0.010017601036273693,1724655.8594523296,1724655.7735131353,163.47243718904448,9.495327422848622,2.8027417629716735,0.0,0.0,39.48193519798219,False
73,2022-11-13,29.059999999999995,11.9,22.314200596057503,2.495395304751252,2.842263526484913,226.05241330699013,42.80406356029805,0.25755901497631317,0.6759458165676338,2.052366734874561,2.8019000305930257,0.0,0.0,0.003703804407601874,3449305.367332764,3449305.209282594,164.3422835537727,25.388253604678773,2.052366734874561,0.0,0.0,42.80406356029805,False
74,2022-11-14,12.18,19.39,21.005325293153213,2.4959661148988967,2.8430082347222774,229.7207533710574,45.985330582415614,0.2716226402229079,0.6848780454777664,3.014506850607112,4.115045250802763,0.0,0.0,0.009894719549990327,6898604.299977689,6898604.2322249515,162.39878804543653,10.008450257533424,3.014506850607112,0.0,0.0,45.985330582415614,False
75,2022-11-15,18.19,17.48,22.804924517095166,2.496529755631232,2.843739189216847,233.41717880180803,49.613945522117945,0.28762131920710704,0.6950462628658812,2.5174058383902693,3.4361569666591865,0.0,0.0,0.002314323684040942,13797202.083853204,13797201.976846118,162.51267336897712,14.63995770980023,2.5174058383902693,0.0,0.0,49.613945522117945,False
76,2022-11-16,11.55,18.68,22.429671051738502,2.4970027508612813,2.8443531708239513,237.10980886805868,53.25449778021511,0.303105372721216,0.7049567512255918,2.8693530077091247,3.916258505270739,0.0,0.0,0.0033387135625776443,27594397.566927206,27594397.497139048,161.38550400121147,8.760910862494901,2.8693530077091247,0.0,0.0,53.25449778021511,False
77,2022-11-17,20.22,4.38,22.202720340484234,2.497404901839934,2.844873660139361,240.79969171494653,56.91652107582621,0.31814664646397656,0.7147113668440561,1.1271761586563227,1.5383378229728786,0.0,0.0,0.004080203269132943,55188788.446554,55188788.32956613,163.37855707100076,16.688609107237816,1.1271761586563227,0.0,0.0,56.91652107582621,False
78,2022-11-18,9.63,18.2,21.027683812768178,2.4977258455940214,2.8452880325290617,244.46856272027588,60.38960262942887,0.33169525565546776,0.723658951880298,2.7708171677159203,3.781341938300554,0.0,0.0,0.009751415565627308,110377570.116627,110377570.07007124,160.8307938207747,8.396421311925502,2.7708171677159203,0.0,0.0,60.38960262942887,False
79,2022-11-19,1.75,20.45,20.335232232515278,2.4979928255430215,2.84563118120436,248.11813522913553,63.7552092045259,0.34424710545606513,0.7321309520399925,3.045515819801275,4.156050908535952,0.0,0.0,0.014960186542605558,220755133.36639935,220755133.35172167,158.13242223662994,0.2923206756088129,3.045515819801275,0.0,0.0,63.7552092045259,False
80,2022-11-20,1.4,21.76,21.3406120437865,2.4982461757077963,2.8459555100762848,251.7938685630264,67.34857449266467,0.357463321925692,0.7412934603118239,3.104513438068111,4.236395094329688,0.0,0.0,0.007899235117173498,441510259.77612984,441510259.7650039,155.27390556691307,0.02212157538720218,3.104513438068111,0.0,0.0,67.34857449266467,False
81,2022-11-21,0.71,21.43,20.94653041899296,2.498461230844489,2.8462314406783618,255.4607852943129,70.87164218346979,0.3698839862627188,0.7501853081270663,3.33523101255513,4.551078215353831,0.0,0.0,0.010278884942916178,883020512.5037396,883020512.5021064,151.43282735155924,0.0,3.33523101255513,0.0,0.0,70.87164218346979,False
82,2022-11-22,3.83,20.7,20.89581871517751,2.498649056532306,2.8464718777844698,259.12644225361504,74.38324620846139,0.38181781141591215,0.7590423264754025,3.1720533354710096,4.328288478285908,0.0,0.0,0.010618904371898275,1766041017.8664808,1766041017.8205523,150.68852463204678,0.24601424122656562,3.1720533354710096,0.0,0.0,74.38324620846139,False
83,2022-11-23,16.76,15.03,23.437055061151298,2.498843808708629,2.8467208986861308,262.82744139981907,78.36594584331985,0.39548157789134797,0.7696446994569625,2.5838689259960246,3.5256003909577758,0.0,0.0,0.0010798525765145506,3532082028.500473,3532082028.352454,155.33636643806446,8.586557803024535,2.5838689259960246,0.0,0.0,78.36594584331985,False
84,2022-11-24,14.32,15.96,19.811798895543056,2.498973521215321,2.8468873848940337,266.4578614386642,81.6268828800336,0.405453110730814,0.7777571986984069,2.6694365098929804,3.6422809174607504,0.0,0.0,0.02012954417134616,7064164049.672762,7064164049.569631,156.40180740498488,9.612278115618823,2.6694365098929804,0.0,0.0,81.6268828800336,False
85,2022-11-25,6.4,12.71,20.24634529394185,2.4990925663913677,2.8470386137639756,270.1044864114917,84.9487970980027,0.4153321422933138,0.7861681501365537,2.20764051494191,3.0121336525857663,0.0,0.0,0.0157557428265912,14128328091.923347,14128328091.873842,156.23425924849988,3.5554145038992506,2.20764051494191,0.0,0.0,84.9487970980027,False
86,2022-11-26,10.24,9.63,20.33990054738945,2.499198474429167,2.847173371212456,273.75421050489115,88.25713427331432,0.42480346832207816,0.7946433565564641,1.8580155861466312,2.5350594185534634,0.0,0.0,0.014919273036580805,28256656176.32961,28256656176.259933,156.71896329995954,7.220236529986888,1.8580155861466312,0.0,0.0,88.25713427331432,False
87,2022-11-27,6.58,17.52,21.46447596202576,2.499299899010197,2.8473024083235714,277.4323829929653,91.72413325717922,0.4345786757313132,0.8038909362007126,2.825374872183054,3.8548552794844246,0.0,0.0,0.007240893907118462,56513312345.04719,56513312345.004944,155.00461016689002,4.439497853585131,2.825374872183054,0.0,0.0,91.72413325717922,False
88,2022-11-28,14.16,17.3,23.376270556773626,2.4994000329755277,2.8474302321915075,281.1330308922976,95.44682159114927,0.44502816353631824,0.814451561583112,2.7519694284116927,3.754644982574194,0.0,0.0,0.001174656050665468,113026624682.38687,113026624682.29999,154.70580630286673,10.70415888144908,2.7519694284116927,0.0,0.0,95.44682159114927,False
89,2022-11-29,37.28,20.12,21.873853037815508,2.4994779604713186,2.8475299602042883,284.8182570117102,98.85266782261091,0.45381090470807606,0.8239803068013919,3.1606537866935107,4.312180717706381,0.0,0.0,0.005337079780667775,226053249356.96893,226053249356.77505,153.98594105279773,33.68768453236261,3.1606537866935107,0.0,0.0,98.85266782261091,True
